{"cameraMode":{"drawMode":0,"name":"Shaded","section":"Shading Mode"},"sceneLighting":true,"audioPlay":false,"sceneViewState":{"showFog":true,"showMaterialUpdate":false,"showSkybox":true,"showFlares":true,"showImageEffects":true,"showParticleSystems":true},"in2DMode":false,"pivot":{"x":2.6015472412109377,"y":-34.72065734863281,"z":34.3798713684082},"rotation":{"x":-0.321144163608551,"y":-0.018185283988714219,"z":0.006168001797050238,"w":-0.9468356370925903},"size":73.95629119873047,"orthographic":false}