{"cameraMode":{"drawMode":0,"name":"Shaded","section":"Shading Mode"},"sceneLighting":true,"audioPlay":false,"sceneViewState":{"showFog":true,"showMaterialUpdate":false,"showSkybox":true,"showFlares":true,"showImageEffects":true,"showParticleSystems":true},"in2DMode":false,"pivot":{"x":0.6333886981010437,"y":3.6964454650878908,"z":-16.36328125},"rotation":{"x":0.20301105082035066,"y":-0.038466282188892367,"z":0.00798068381845951,"w":0.9783880710601807},"size":917.1210327148438,"orthographic":true}