{"cameraMode":{"drawMode":0,"name":"Shaded","section":"Shading Mode"},"sceneLighting":false,"audioPlay":false,"sceneViewState":{"showFog":false,"showMaterialUpdate":false,"showSkybox":false,"showFlares":false,"showImageEffects":false,"showParticleSystems":false},"in2DMode":false,"pivot":{"x":-2.445797920227051,"y":5.243536949157715,"z":-31.394798278808595},"rotation":{"x":0.1633204221725464,"y":0.1459229588508606,"z":-0.024434665217995645,"w":0.9754157662391663},"size":14.454745292663575,"orthographic":false}